Event Name,Event Date,Event Time,Event Link,Event Price,Event Image
"Bracknell in-person networking","Tue, 22/07/2025, 10:00 AM","","https://events.fsb.org.uk/en/8d2bI2X7/g/fJqTd8nh8e/bracknell-in-person-networking-3aJ8P2bUD","Free","https://media.blackthorn.io/image/fetch/$w_1600,$h_800/f_auto,q_auto,t_opt,d_missing-image-01.jpg/https%3A//www.fsb.org.uk/sfsites/c/cms/delivery/media/MCADZGHDU4DZD7NLIURRUZW5N56U"
"West Yorkshire Virtual Networking","Tue, 22/07/2025, 10:00 AM","","https://events.fsb.org.uk/en/8d2bI2X7/g/fJqTd8nh8e/west-yorkshire-virtual-networking-3aJ8P2QVZ","Free","https://media.blackthorn.io/image/fetch/$w_1600,$h_800/f_auto,q_auto,t_opt,d_missing-image-01.jpg/https%3A//www.fsb.org.uk/sfsites/c/cms/delivery/media/MCMHRRY62VYZFJZAUGMVXXVRLQKI"
"Leeds networking with FSB and the Alchemist","Tue, 22/07/2025, 5:00 PM","","https://events.fsb.org.uk/en/8d2bI2X7/g/fJqTd8nh8e/leeds-networking-with-fsb-and-the-alchemist-3aJ8P2Xon","Free","https://media.blackthorn.io/image/fetch/$w_1600,$h_800/f_auto,q_auto,t_opt,d_missing-image-01.jpg/https%3A//www.fsb.org.uk/sfsites/c/cms/delivery/media/MCZKY33Q7BERD6DN6PU4YAURK2D4"
"Lancashire and Cumbria Virtual Networking","Wed, 23/07/2025, 9:30 AM","","https://events.fsb.org.uk/en/8d2bI2X7/g/fJqTd8nh8e/lancashire-and-cumbria-virtual-networking-3aJ8P2Xwr","Free","https://media.blackthorn.io/image/fetch/$w_1600,$h_800/f_auto,q_auto,t_opt,d_missing-image-01.jpg/https%3A//www.fsb.org.uk/sfsites/c/cms/delivery/media/MCCWLSVCD2ANFU5DSLFR4TSUPLNY"
"Pure Networking","Wed, 23/07/2025, 11:00 AM","","https://events.fsb.org.uk/en/8d2bI2X7/g/fJqTd8nh8e/pure-networking-3aJ8P2Qdd","Free","https://media.blackthorn.io/image/fetch/$w_1600,$h_800/f_auto,q_auto,t_opt,d_missing-image-01.jpg/https%3A//www.fsb.org.uk/sfsites/c/cms/delivery/media/MCCUN52RCMQNAFJOZGKCCDVUJRK4"
"FSB Talks: Southampton","Wed, 23/07/2025, 4:00 PM","","https://events.fsb.org.uk/en/8d2bI2X7/g/fJqTd8nh8e/fsb-talks-southampton-3aJ8P2bcH","Free","https://media.blackthorn.io/image/fetch/$w_1600,$h_800/f_auto,q_auto,t_opt,d_missing-image-01.jpg/https%3A//www.fsb.org.uk/sfsites/c/cms/delivery/media/MCFUTO6T2A2BHR7IWHAY5DOUWVYA"
"Wine Down, Link Up: Small Business Networking","Wed, 23/07/2025, 5:00 PM","","https://events.fsb.org.uk/en/8d2bI2X7/g/fJqTd8nh8e/wine-down-link-up-small-business-networking-3aJ8P2U2v","Free","https://media.blackthorn.io/image/fetch/$w_1600,$h_800/f_auto,q_auto,t_opt,d_missing-image-01.jpg/https%3A//www.fsb.org.uk/sfsites/c/cms/delivery/media/MC7EPIPJRA4FDEPH5BCLLTI73ENU"
"South West London In-Person Networking in Richmond","Wed, 23/07/2025, 6:00 PM","","https://events.fsb.org.uk/en/8d2bI2X7/g/fJqTd8nh8e/south-west-london-in-person-networking-in-richmond-3aJ8P2dkX","Free","https://media.blackthorn.io/image/fetch/$w_1600,$h_800/f_auto,q_auto,t_opt,d_missing-image-01.jpg/https%3A//www.fsb.org.uk/sfsites/c/cms/delivery/media/MCHQME7GN7RZASHNF5EVNL3PZR2A"
"Durham Networking by FSB and Durham University","Thu, 24/07/2025, 9:30 AM","","https://events.fsb.org.uk/en/8d2bI2X7/g/fJqTd8nh8e/durham-networking-by-fsb-and-durham-university-3aJ8P2Z7R","Free","https://media.blackthorn.io/image/fetch/$w_1600,$h_800/f_auto,q_auto,t_opt,d_missing-image-01.jpg/https%3A//www.fsb.org.uk/sfsites/c/cms/delivery/media/MC3E4D7QFOFZHTNFHWT5FKGZGGHM"
"East London Borders Virtual Networking","Thu, 24/07/2025, 9:30 AM","","https://events.fsb.org.uk/en/8d2bI2X7/g/fJqTd8nh8e/east-london-borders-virtual-networking-3aJ8P2WxZ","Free","https://media.blackthorn.io/image/fetch/$w_1600,$h_800/f_auto,q_auto,t_opt,d_missing-image-01.jpg/https%3A//www.fsb.org.uk/sfsites/c/cms/delivery/media/MCNS55CH6EEBHMDBUFOGEIZZNYTU"
"Wales Virtual Networking","Thu, 24/07/2025, 1:00 PM","","https://events.fsb.org.uk/en/8d2bI2X7/g/fJqTd8nh8e/wales-virtual-networking-3aJ8P2Zgv","Free","https://media.blackthorn.io/image/fetch/$w_1600,$h_800/f_auto,q_auto,t_opt,d_missing-image-01.jpg/https%3A//www.fsb.org.uk/sfsites/c/cms/delivery/media/MC7LOJEE4XNRBENKYPVDS3V5XWWM"
"Hampshire, Dorset and Isle of Wight Virtual Networking","Fri, 25/07/2025, 9:00 AM","","https://events.fsb.org.uk/en/8d2bI2X7/g/fJqTd8nh8e/hampshire-dorset-and-isle-of-wight-virtual-networking-3aJ8P2d1N","Free","https://media.blackthorn.io/image/fetch/$w_1600,$h_800/f_auto,q_auto,t_opt,d_missing-image-01.jpg/https%3A//www.fsb.org.uk/sfsites/c/cms/delivery/media/MC7LOJEE4XNRBENKYPVDS3V5XWWM"
"Small Business Networking at GRIDSERVE in Braintree","Fri, 25/07/2025, 9:30 AM","","https://events.fsb.org.uk/en/8d2bI2X7/g/fJqTd8nh8e/small-business-networking-at-gridserve-in-braintree-3aJ8P2cgP","Free","https://media.blackthorn.io/image/fetch/$w_1600,$h_800/f_auto,q_auto,t_opt,d_missing-image-01.jpg/https%3A//www.fsb.org.uk/sfsites/c/cms/delivery/media/MC75R2ZZAU5JAEJEJ64QPB5G36OE"
"Central London Social at The British Library","Fri, 25/07/2025, 11:00 AM","","https://events.fsb.org.uk/en/8d2bI2X7/g/fJqTd8nh8e/central-london-social-at-the-british-library-3aJ8P2ctJ","Free","https://media.blackthorn.io/image/fetch/$w_1600,$h_800/f_auto,q_auto,t_opt,d_missing-image-01.jpg/https%3A//www.fsb.org.uk/sfsites/c/cms/delivery/media/MC75R2ZZAU5JAEJEJ64QPB5G36OE"
"Gloucestershire, Bristol and Bath Virtual Networking","Fri, 25/07/2025, 11:00 AM","","https://events.fsb.org.uk/en/8d2bI2X7/g/fJqTd8nh8e/gloucestershire-bristol-and-bath-virtual-networking-3aJ8P2bqn","Free","https://media.blackthorn.io/image/fetch/$w_1600,$h_800/f_auto,q_auto,t_opt,d_missing-image-01.jpg/https%3A//www.fsb.org.uk/sfsites/c/cms/delivery/media/MCFUTO6T2A2BHR7IWHAY5DOUWVYA"
"Greater London Women in Business and Enterprise","Mon, 28/07/2025, 4:15 PM","","https://events.fsb.org.uk/en/8d2bI2X7/g/fJqTd8nh8e/greater-london-women-in-business-and-enterprise-3aJ8P2VlN","Free","https://media.blackthorn.io/image/fetch/$w_1600,$h_800/f_auto,q_auto,t_opt,d_missing-image-01.jpg/https%3A//www.fsb.org.uk/sfsites/c/cms/delivery/media/MCBOWIXOLJ55C4ZM5MIHJVWD5LJI"
"West Yorkshire Virtual Networking","Tue, 29/07/2025, 10:00 AM","","https://events.fsb.org.uk/en/8d2bI2X7/g/fJqTd8nh8e/west-yorkshire-virtual-networking-3aJ8P2Qc1","Free","https://media.blackthorn.io/image/fetch/$w_1600,$h_800/f_auto,q_auto,t_opt,d_missing-image-01.jpg/https%3A//www.fsb.org.uk/sfsites/c/cms/delivery/media/MCZR6NUWGGUBBLFFOQGL33V62JIQ"
"Scotland Virtual Networking","Tue, 29/07/2025, 10:30 AM","","https://events.fsb.org.uk/en/8d2bI2X7/g/fJqTd8nh8e/scotland-virtual-networking-3aJ8P2Uqv","Free","https://media.blackthorn.io/image/fetch/$w_1600,$h_800/f_auto,q_auto,t_opt,d_missing-image-01.jpg/https%3A//www.fsb.org.uk/sfsites/c/cms/delivery/media/MCFUTO6T2A2BHR7IWHAY5DOUWVYA"
"South West Women in Business Virtual Networking","Tue, 29/07/2025, 10:30 AM","","https://events.fsb.org.uk/en/8d2bI2X7/g/fJqTd8nh8e/south-west-women-in-business-virtual-networking-3aJ8P2QNV","Free","https://media.blackthorn.io/image/fetch/$w_1600,$h_800/f_auto,q_auto,t_opt,d_missing-image-01.jpg/https%3A//www.fsb.org.uk/sfsites/c/cms/delivery/media/MC75DISJYGQJEJ7MB6KM5R6CEO5M"
"Disabled Entrepreneurs Networking","Tue, 29/07/2025, 11:00 AM","","https://events.fsb.org.uk/en/8d2bI2X7/g/fJqTd8nh8e/disabled-entrepreneurs-networking-3aJ8P2XvF","Free","https://media.blackthorn.io/image/fetch/$w_1600,$h_800/f_auto,q_auto,t_opt,d_missing-image-01.jpg/https%3A//www.fsb.org.uk/sfsites/c/cms/delivery/media/MCDM77NEWGDRH2LHPGXR6JTMANM4"
"Lincolnshire Connect Networking","Wed, 30/07/2025, 10:00 AM","","https://events.fsb.org.uk/en/8d2bI2X7/g/fJqTd8nh8e/lincolnshire-connect-networking-3aJ8P2c5J","Free","https://media.blackthorn.io/image/fetch/$w_1600,$h_800/f_auto,q_auto,t_opt,d_missing-image-01.jpg/https%3A//www.fsb.org.uk/sfsites/c/cms/delivery/media/MCLQQNUN67CVDYNJE3NQK2QX2UN4"
"Networking at Frankly Farm","Thu, 31/07/2025, 9:00 AM","","https://events.fsb.org.uk/en/8d2bI2X7/g/fJqTd8nh8e/networking-at-frankly-farm-3aJ8P2bnZ","Free","https://media.blackthorn.io/image/fetch/$w_1600,$h_800/f_auto,q_auto,t_opt,d_missing-image-01.jpg/https%3A//www.fsb.org.uk/sfsites/c/cms/delivery/media/MCXQVZCTUR2ZEJVLH6JLI2F6Z5SU"
"Wellbeing and the Bottom Line: building Resilience in Small Business","Thu, 31/07/2025, 9:30 AM","","https://events.fsb.org.uk/en/8d2bI2X7/g/fJqTd8nh8e/wellbeing-and-the-bottom-line-building-resilience-in-small-business-3aJ8P2c6v","Free","https://media.blackthorn.io/image/fetch/$w_1600,$h_800/f_auto,q_auto,t_opt,d_missing-image-01.jpg/https%3A//www.fsb.org.uk/sfsites/c/cms/delivery/media/MCX27QJIQZNNCHVOY3AIBZ73L63A"
"Glasgow In-Person Networking","Thu, 31/07/2025, 10:00 AM","","https://events.fsb.org.uk/en/8d2bI2X7/g/fJqTd8nh8e/glasgow-in-person-networking-3aJ8P2O5Z","Free","https://media.blackthorn.io/image/fetch/$w_1600,$h_800/f_auto,q_auto,t_opt,d_missing-image-01.jpg/https%3A//www.fsb.org.uk/sfsites/c/cms/delivery/media/MC3CWZHBNBHJAJFGI454PTFXFZNQ"
"Ethnic Minority Led Business Networking","Thu, 31/07/2025, 11:00 AM","","https://events.fsb.org.uk/en/8d2bI2X7/g/fJqTd8nh8e/ethnic-minority-led-business-networking-3aJ8P2YHp","Free","https://media.blackthorn.io/image/fetch/$w_1600,$h_800/f_auto,q_auto,t_opt,d_missing-image-01.jpg/https%3A//www.fsb.org.uk/sfsites/c/cms/delivery/media/MC23DBRHYWNFBR7OOEXP4WZRYDAA"
"Northern Ireland Virtual Networking","Thu, 31/07/2025, 12:30 PM","","https://events.fsb.org.uk/en/8d2bI2X7/g/fJqTd8nh8e/northern-ireland-virtual-networking-3aJ8P2Z5p","Free","https://media.blackthorn.io/image/fetch/$w_1600,$h_800/f_auto,q_auto,t_opt,d_missing-image-01.jpg/https%3A//www.fsb.org.uk/sfsites/c/cms/delivery/media/MC62CE6D7ABFHUBIPYJQAP4YFWVQ"
"FSB Kent Summer Party","Thu, 31/07/2025, 5:30 PM","","https://events.fsb.org.uk/en/8d2bI2X7/g/fJqTd8nh8e/fsb-kent-summer-party-3aJ8P2VWr","Free","https://media.blackthorn.io/image/fetch/$w_1600,$h_800/f_auto,q_auto,t_opt,d_missing-image-01.jpg/https%3A//www.fsb.org.uk/sfsites/c/cms/delivery/media/MCOXSALPAASZBY7PK66YWPZ6FINI"
"FSB and Nutwood Monthly Breakfast Networking","Fri, 01/08/2025, 8:30 AM","","https://events.fsb.org.uk/en/8d2bI2X7/g/fJqTd8nh8e/fsb-and-nutwood-monthly-breakfast-networking-3aJ8P2W6L","Free","https://media.blackthorn.io/image/fetch/$w_1600,$h_800/f_auto,q_auto,t_opt,d_missing-image-01.jpg/https%3A//www.fsb.org.uk/sfsites/c/cms/delivery/media/MCNQCVCY3WSZEAJIQBIIIRP75MAU"
"Inner London South Virtual Networking","Tue, 05/08/2025, 9:30 AM","","https://events.fsb.org.uk/en/8d2bI2X7/g/fJqTd8nh8e/inner-london-south-virtual-networking-3aJ8P2dB3","Free","https://media.blackthorn.io/image/fetch/$w_1600,$h_800/f_auto,q_auto,t_opt,d_missing-image-01.jpg/https%3A//www.fsb.org.uk/sfsites/c/cms/delivery/media/MCCMLJYOWT6VC6ZOY7H3MTGPJCVI"
"West Yorkshire Virtual Networking","Tue, 05/08/2025, 10:00 AM","","https://events.fsb.org.uk/en/8d2bI2X7/g/fJqTd8nh8e/west-yorkshire-virtual-networking-3aJ8P2aGP","Free","https://media.blackthorn.io/image/fetch/$w_1600,$h_800/f_auto,q_auto,t_opt,d_missing-image-01.jpg/https%3A//www.fsb.org.uk/sfsites/c/cms/delivery/media/MCNHL2RNMU3VD7NI33BH2B6IB5K4"
"Coventry In-person Networking Breakfast","Wed, 06/08/2025, 7:15 AM","","https://events.fsb.org.uk/en/8d2bI2X7/g/fJqTd8nh8e/coventry-in-person-networking-breakfast-3aJ8P2cQH","Free","https://media.blackthorn.io/image/fetch/$w_1600,$h_800/f_auto,q_auto,t_opt,d_missing-image-01.jpg/https%3A//www.fsb.org.uk/sfsites/c/cms/delivery/media/MCBYISGXPQIRA43LR7J7TCL6KM5A"
"Devon Virtual Networking","Wed, 06/08/2025, 10:00 AM","","https://events.fsb.org.uk/en/8d2bI2X7/g/fJqTd8nh8e/devon-virtual-networking-3aJ8P2Y4v","Free","https://media.blackthorn.io/image/fetch/$w_1600,$h_800/f_auto,q_auto,t_opt,d_missing-image-01.jpg/https%3A//www.fsb.org.uk/sfsites/c/cms/delivery/media/MCQVU7TPEC7NBLPN37ENWCL7VFIQ"
"Cheshire virtual networking","Wed, 06/08/2025, 11:30 AM","","https://events.fsb.org.uk/en/8d2bI2X7/g/fJqTd8nh8e/cheshire-virtual-networking-3aJ8P2dar","Free","https://media.blackthorn.io/image/fetch/$w_1600,$h_800/f_auto,q_auto,t_opt,d_missing-image-01.jpg/https%3A//www.fsb.org.uk/sfsites/c/cms/delivery/media/MCLHLSHKNGJBBD3D7BPWP3G6JLUI"
"Ayrshire-In-Person Networking","Thu, 07/08/2025, 10:30 AM","","https://events.fsb.org.uk/en/8d2bI2X7/g/fJqTd8nh8e/ayrshire-in-person-networking-3aJ8P2Zyf","Free","https://media.blackthorn.io/image/fetch/$w_1600,$h_800/f_auto,q_auto,t_opt,d_missing-image-01.jpg/https%3A//www.fsb.org.uk/sfsites/c/cms/delivery/media/MCJKHAXE2YKZEPTKB6FULZCS6PRI"
"Wales Virtual Networking","Thu, 07/08/2025, 1:00 PM","","https://events.fsb.org.uk/en/8d2bI2X7/g/fJqTd8nh8e/wales-virtual-networking-3aJ8P2cuv","Free","https://media.blackthorn.io/image/fetch/$w_1600,$h_800/f_auto,q_auto,t_opt,d_missing-image-01.jpg/https%3A//www.fsb.org.uk/sfsites/c/cms/delivery/media/MC7MOH7HIRHVCGTJHFLXI4ORWWBA"
"Carmarthenshire Business Networking","Fri, 08/08/2025, 9:00 AM","","https://events.fsb.org.uk/en/8d2bI2X7/g/fJqTd8nh8e/carmarthenshire-business-networking-3aJ8P2c0T","Free","https://media.blackthorn.io/image/fetch/$w_1600,$h_800/f_auto,q_auto,t_opt,d_missing-image-01.jpg/https%3A//www.fsb.org.uk/sfsites/c/cms/delivery/media/MCOXSALPAASZBY7PK66YWPZ6FINI"
"Small Business Networking - Basildon","Mon, 11/08/2025, 9:30 AM","","https://events.fsb.org.uk/en/8d2bI2X7/g/fJqTd8nh8e/small-business-networking-basildon-3aJ8P2ZIj","Free","https://media.blackthorn.io/image/fetch/$w_1600,$h_800/f_auto,q_auto,t_opt,d_missing-image-01.jpg/https%3A//www.fsb.org.uk/sfsites/c/cms/delivery/media/MCADZGHDU4DZD7NLIURRUZW5N56U"
"West Yorkshire Virtual Networking","Tue, 12/08/2025, 10:00 AM","","https://events.fsb.org.uk/en/8d2bI2X7/g/fJqTd8nh8e/west-yorkshire-virtual-networking-3aJ8P2aI1","Free","https://media.blackthorn.io/image/fetch/$w_1600,$h_800/f_auto,q_auto,t_opt,d_missing-image-01.jpg/https%3A//www.fsb.org.uk/sfsites/c/cms/delivery/media/MCXASU2PRVFNFTJBU57DSV6SRJFY"
"Scotland Women in Business","Tue, 12/08/2025, 10:30 AM","","https://events.fsb.org.uk/en/8d2bI2X7/g/fJqTd8nh8e/scotland-women-in-business-3aJ8P2cEz","Free","https://media.blackthorn.io/image/fetch/$w_1600,$h_800/f_auto,q_auto,t_opt,d_missing-image-01.jpg/https%3A//www.fsb.org.uk/sfsites/c/cms/delivery/media/MCZAZQY77TDBEADIU4BAU2RSM72M"
"Liverpool City Region virtual networking","Tue, 12/08/2025, 11:30 AM","","https://events.fsb.org.uk/en/8d2bI2X7/g/fJqTd8nh8e/liverpool-city-region-virtual-networking-3aJ8P2de5","Free","https://media.blackthorn.io/image/fetch/$w_1600,$h_800/f_auto,q_auto,t_opt,d_missing-image-01.jpg/https%3A//www.fsb.org.uk/sfsites/c/cms/delivery/media/MCMDK6ENMXSNFMVOYM7Q3W7DROFU"
"Thames Valley Virtual Networking","Tue, 12/08/2025, 4:30 PM","","https://events.fsb.org.uk/en/8d2bI2X7/g/fJqTd8nh8e/thames-valley-virtual-networking-3aJ8P2e0f","Free","https://media.blackthorn.io/image/fetch/$w_1600,$h_800/f_auto,q_auto,t_opt,d_missing-image-01.jpg/https%3A//www.fsb.org.uk/sfsites/c/cms/delivery/media/MCREUVRO7O4NCCFPM5ZRYCHWWP7A"
"Leeds networking with FSB and Gusto Italian","Tue, 12/08/2025, 5:00 PM","","https://events.fsb.org.uk/en/8d2bI2X7/g/fJqTd8nh8e/leeds-networking-with-fsb-and-gusto-italian-3aJ8P2bZ3","Free","https://media.blackthorn.io/image/fetch/$w_1600,$h_800/f_auto,q_auto,t_opt,d_missing-image-01.jpg/https%3A//www.fsb.org.uk/sfsites/c/cms/delivery/media/MCF3KZ4PPFZZH6DHPM6AWLXXFXNU"
"Moray In-Person Networking","Wed, 13/08/2025, 10:00 AM","","https://events.fsb.org.uk/en/8d2bI2X7/g/fJqTd8nh8e/moray-in-person-networking-3aJ8P2aBZ","Free","https://media.blackthorn.io/image/fetch/$w_1600,$h_800/f_auto,q_auto,t_opt,d_missing-image-01.jpg/https%3A//www.fsb.org.uk/sfsites/c/cms/delivery/media/MCFUTO6T2A2BHR7IWHAY5DOUWVYA"
"Networking Summer Special: Bar√ßa, Deansgate Locks, Manchester City Centre","Wed, 13/08/2025, 5:00 PM","","https://events.fsb.org.uk/en/8d2bI2X7/g/fJqTd8nh8e/networking-summer-special-barca-deansgate-locks-manchester-city-centre-3aJ8P2d7p","Free","https://media.blackthorn.io/image/fetch/$w_1600,$h_800/f_auto,q_auto,t_opt,d_missing-image-01.jpg/https%3A//www.fsb.org.uk/sfsites/c/cms/delivery/media/MC3CWZHBNBHJAJFGI454PTFXFZNQ"
"Edinburgh Networking Bonnie and Wild","Thu, 14/08/2025, 10:30 AM","","https://events.fsb.org.uk/en/8d2bI2X7/g/fJqTd8nh8e/edinburgh-networking-bonnie-and-wild-3aJ8P2cGb","Free","https://media.blackthorn.io/image/fetch/$w_1600,$h_800/f_auto,q_auto,t_opt,d_missing-image-01.jpg/https%3A//www.fsb.org.uk/sfsites/c/cms/delivery/media/MCW64JDLP2Z5BDRJ4QK6R73CMHCY"
"West Yorkshire Virtual Networking","Tue, 19/08/2025, 10:00 AM","","https://events.fsb.org.uk/en/8d2bI2X7/g/fJqTd8nh8e/west-yorkshire-virtual-networking-3aJ8P2aJd","Free","https://media.blackthorn.io/image/fetch/$w_1600,$h_800/f_auto,q_auto,t_opt,d_missing-image-01.jpg/https%3A//www.fsb.org.uk/sfsites/c/cms/delivery/media/MCBDBRSTDMNRB75JYQ4MUKKNCAOQ"
"Lanarkshire In-Person Networking","Tue, 19/08/2025, 10:00 AM","","https://events.fsb.org.uk/en/8d2bI2X7/g/fJqTd8nh8e/lanarkshire-in-person-networking-3aJ8P2a0H","Free","https://media.blackthorn.io/image/fetch/$w_1600,$h_800/f_auto,q_auto,t_opt,d_missing-image-01.jpg/https%3A//www.fsb.org.uk/sfsites/c/cms/delivery/media/MCADZGHDU4DZD7NLIURRUZW5N56U"
"Leeds networking with FSB and Horizon","Wed, 20/08/2025, 10:00 AM","","https://events.fsb.org.uk/en/8d2bI2X7/g/fJqTd8nh8e/leeds-networking-with-fsb-and-horizon-3aJ8P2div","Free","https://media.blackthorn.io/image/fetch/$w_1600,$h_800/f_auto,q_auto,t_opt,d_missing-image-01.jpg/https%3A//www.fsb.org.uk/sfsites/c/cms/delivery/media/MCVGCGI2PHHREWLBHHEGIKJA7VKI"
"Outer South East London Virtual Networking","Wed, 20/08/2025, 11:30 AM","","https://events.fsb.org.uk/en/8d2bI2X7/g/fJqTd8nh8e/outer-south-east-london-virtual-networking-3aJ8P2e2H","Free","https://media.blackthorn.io/image/fetch/$w_1600,$h_800/f_auto,q_auto,t_opt,d_missing-image-01.jpg/https%3A//www.fsb.org.uk/sfsites/c/cms/delivery/media/MCGKJPKDHTU5C2PC5UZVMTPSSPNM"
"Northern Ireland Virtual Networking","Wed, 20/08/2025, 12:30 PM","","https://events.fsb.org.uk/en/8d2bI2X7/g/fJqTd8nh8e/northern-ireland-virtual-networking-3aJ8P2cbZ","Free","https://media.blackthorn.io/image/fetch/$w_1600,$h_800/f_auto,q_auto,t_opt,d_missing-image-01.jpg/https%3A//www.fsb.org.uk/sfsites/c/cms/delivery/media/MCQVU7TPEC7NBLPN37ENWCL7VFIQ"
"Health, wellbeing and personal development for small businesses","Wed, 20/08/2025, 4:30 PM","","https://events.fsb.org.uk/en/8d2bI2X7/g/fJqTd8nh8e/health-wellbeing-and-personal-development-for-small-businesses-3aJ8P2dPZ","Free","https://media.blackthorn.io/image/fetch/$w_1600,$h_800/f_auto,q_auto,t_opt,d_missing-image-01.jpg/https%3A//www.fsb.org.uk/sfsites/c/cms/delivery/media/MCNYSQGWB4PNBK3BI4VCZIEYAVCI"
"Bakewell In-Person Networking","Wed, 20/08/2025, 5:00 PM","","https://events.fsb.org.uk/en/8d2bI2X7/g/fJqTd8nh8e/bakewell-in-person-networking-3aJ8P2Zdh","Free","https://media.blackthorn.io/image/fetch/$w_1600,$h_800/f_auto,q_auto,t_opt,d_missing-image-01.jpg/https%3A//www.fsb.org.uk/sfsites/c/cms/delivery/media/MCBUTEUQFYYJFCRDQ2MZ4MSGL3LM"
"Somerset and Wiltshire Virtual Networking","Thu, 21/08/2025, 11:00 AM","","https://events.fsb.org.uk/en/8d2bI2X7/g/fJqTd8nh8e/somerset-and-wiltshire-virtual-networking-3aJ8P2e77","Free","https://media.blackthorn.io/image/fetch/$w_1600,$h_800/f_auto,q_auto,t_opt,d_missing-image-01.jpg/https%3A//www.fsb.org.uk/sfsites/c/cms/delivery/media/MCNS55CH6EEBHMDBUFOGEIZZNYTU"
"Wales Virtual Networking","Thu, 21/08/2025, 1:00 PM","","https://events.fsb.org.uk/en/8d2bI2X7/g/fJqTd8nh8e/wales-virtual-networking-3aJ8P2cwX","Free","https://media.blackthorn.io/image/fetch/$w_1600,$h_800/f_auto,q_auto,t_opt,d_missing-image-01.jpg/https%3A//www.fsb.org.uk/sfsites/c/cms/delivery/media/MCLBWZHSIQJNBKJBZUSMFWRQ4Y7I"
"Scotland Virtual Networking","Thu, 21/08/2025, 2:00 PM","","https://events.fsb.org.uk/en/8d2bI2X7/g/fJqTd8nh8e/scotland-virtual-networking-3aJ8P2a3V","Free","https://media.blackthorn.io/image/fetch/$w_1600,$h_800/f_auto,q_auto,t_opt,d_missing-image-01.jpg/https%3A//www.fsb.org.uk/sfsites/c/cms/delivery/media/MCBDBRSTDMNRB75JYQ4MUKKNCAOQ"
"Cornwall Conversations virtual networking","Thu, 21/08/2025, 2:30 PM","","https://events.fsb.org.uk/en/8d2bI2X7/g/fJqTd8nh8e/cornwall-conversations-virtual-networking-3aJ8P2YBN","Free","https://media.blackthorn.io/image/fetch/$w_1600,$h_800/f_auto,q_auto,t_opt,d_missing-image-01.jpg/https%3A//www.fsb.org.uk/sfsites/c/cms/delivery/media/MCFUTO6T2A2BHR7IWHAY5DOUWVYA"
"West Yorkshire Virtual Networking","Tue, 26/08/2025, 10:00 AM","","https://events.fsb.org.uk/en/8d2bI2X7/g/fJqTd8nh8e/west-yorkshire-virtual-networking-3aJ8P2aLF","Free","https://media.blackthorn.io/image/fetch/$w_1600,$h_800/f_auto,q_auto,t_opt,d_missing-image-01.jpg/https%3A//www.fsb.org.uk/sfsites/c/cms/delivery/media/MC3HWKNDKO65DJRAEGQPFK6PG4XA"
"Scotland Virtual Networking","Tue, 26/08/2025, 10:30 AM","","https://events.fsb.org.uk/en/8d2bI2X7/g/fJqTd8nh8e/scotland-virtual-networking-3aJ8P2bVp","Free","https://media.blackthorn.io/image/fetch/$w_1600,$h_800/f_auto,q_auto,t_opt,d_missing-image-01.jpg/https%3A//www.fsb.org.uk/sfsites/c/cms/delivery/media/MCAITJK3LEIZEBPDDZM3DM3BXIL4"
"South West Women in Business Virtual Networking","Tue, 26/08/2025, 10:30 AM","","https://events.fsb.org.uk/en/8d2bI2X7/g/fJqTd8nh8e/south-west-women-in-business-virtual-networking-3aJ8P2YWL","Free","https://media.blackthorn.io/image/fetch/$w_1600,$h_800/f_auto,q_auto,t_opt,d_missing-image-01.jpg/https%3A//www.fsb.org.uk/sfsites/c/cms/delivery/media/MCNHL2RNMU3VD7NI33BH2B6IB5K4"
"Pure Networking","Wed, 27/08/2025, 11:00 AM","","https://events.fsb.org.uk/en/8d2bI2X7/g/fJqTd8nh8e/pure-networking-3aJ8P2eWv","Free","https://media.blackthorn.io/image/fetch/$w_1600,$h_800/f_auto,q_auto,t_opt,d_missing-image-01.jpg/https%3A//www.fsb.org.uk/sfsites/c/cms/delivery/media/MCCUN52RCMQNAFJOZGKCCDVUJRK4"
"Disabled Entrepreneurs Networking","Wed, 27/08/2025, 11:00 AM","","https://events.fsb.org.uk/en/8d2bI2X7/g/fJqTd8nh8e/disabled-entrepreneurs-networking-3aJ8P2ZLx","Free","https://media.blackthorn.io/image/fetch/$w_1600,$h_800/f_auto,q_auto,t_opt,d_missing-image-01.jpg/https%3A//www.fsb.org.uk/sfsites/c/cms/delivery/media/MCUHXNEFP3DZAK3J5MEXLBHA4SLM"
"South West London Virtual Networking","Wed, 27/08/2025, 11:45 AM","","https://events.fsb.org.uk/en/8d2bI2X7/g/fJqTd8nh8e/south-west-london-virtual-networking-3aJ8P2dUP","Free","https://media.blackthorn.io/image/fetch/$w_1600,$h_800/f_auto,q_auto,t_opt,d_missing-image-01.jpg/https%3A//www.fsb.org.uk/sfsites/c/cms/delivery/media/MCM5PK4UZBVBDQVEKN4LQTUZAFZA"
"East London Borders Virtual Networking","Thu, 28/08/2025, 9:30 AM","","https://events.fsb.org.uk/en/8d2bI2X7/g/fJqTd8nh8e/east-london-borders-virtual-networking-3aJ8P2dsb","Free","https://media.blackthorn.io/image/fetch/$w_1600,$h_800/f_auto,q_auto,t_opt,d_missing-image-01.jpg/https%3A//www.fsb.org.uk/sfsites/c/cms/delivery/media/MCNS55CH6EEBHMDBUFOGEIZZNYTU"
"Glasgow In-Person Networking","Thu, 28/08/2025, 10:00 AM","","https://events.fsb.org.uk/en/8d2bI2X7/g/fJqTd8nh8e/glasgow-in-person-networking-3aJ8P2a1t","Free","https://media.blackthorn.io/image/fetch/$w_1600,$h_800/f_auto,q_auto,t_opt,d_missing-image-01.jpg/https%3A//www.fsb.org.uk/sfsites/c/cms/delivery/media/MC3CWZHBNBHJAJFGI454PTFXFZNQ"
"Barnsley Knowledge Swap and Business Networking","Thu, 28/08/2025, 2:00 PM","","https://events.fsb.org.uk/en/8d2bI2X7/g/fJqTd8nh8e/barnsley-knowledge-swap-and-business-networking-3aJ8P2Xbt","Free","https://media.blackthorn.io/image/fetch/$w_1600,$h_800/f_auto,q_auto,t_opt,d_missing-image-01.jpg/https%3A//www.fsb.org.uk/sfsites/c/cms/delivery/media/MCVGCGI2PHHREWLBHHEGIKJA7VKI"
"FSB Co-Working Day at Colbea","Tue, 02/09/2025, 9:00 AM","","https://events.fsb.org.uk/en/8d2bI2X7/g/fJqTd8nh8e/fsb-co-working-day-at-colbea-3aJ8P2ZKL","Free","https://media.blackthorn.io/image/fetch/$w_1600,$h_800/f_auto,q_auto,t_opt,d_missing-image-01.jpg/https%3A//www.fsb.org.uk/sfsites/c/cms/delivery/media/MCQ72DJ5DSZBGSHFAJIFBFVUIJ6Q"
"Harrogate Networking with FSB and Wizu","Tue, 02/09/2025, 10:00 AM","","https://events.fsb.org.uk/en/8d2bI2X7/g/fJqTd8nh8e/harrogate-networking-with-fsb-and-wizu-3aJ8P2dm9","Free","https://media.blackthorn.io/image/fetch/$w_1600,$h_800/f_auto,q_auto,t_opt,d_missing-image-01.jpg/https%3A//www.fsb.org.uk/sfsites/c/cms/delivery/media/MCOETWWOSS5FHB5HBS6ERJQ6SL4M"
"West Yorkshire Virtual Networking","Tue, 02/09/2025, 10:00 AM","","https://events.fsb.org.uk/en/8d2bI2X7/g/fJqTd8nh8e/west-yorkshire-virtual-networking-3aJ8P2aMr","Free","https://media.blackthorn.io/image/fetch/$w_1600,$h_800/f_auto,q_auto,t_opt,d_missing-image-01.jpg/https%3A//www.fsb.org.uk/sfsites/c/cms/delivery/media/MCJB2BQOEKBNFJFJCFILZRAKFDLI"
"South East England Virtual Networking","Tue, 02/09/2025, 12:00 PM","","https://events.fsb.org.uk/en/8d2bI2X7/g/fJqTd8nh8e/south-east-england-virtual-networking-3aJ8P2dKj","Free","https://media.blackthorn.io/image/fetch/$w_1600,$h_800/f_auto,q_auto,t_opt,d_missing-image-01.jpg/https%3A//www.fsb.org.uk/sfsites/c/cms/delivery/media/MCBWXPVMRX2JDI5NJI3VPLAO2KIY"
"Herefordshire, Worcestershire, Shropshire, Telford and Wrekin Virtual Connect","Wed, 03/09/2025, 9:30 AM","","https://events.fsb.org.uk/en/8d2bI2X7/g/fJqTd8nh8e/herefordshire-worcestershire-shropshire-telford-and-wrekin-virtual-connect-3aJ8P2dCf","Free","https://media.blackthorn.io/image/fetch/$w_1600,$h_800/f_auto,q_auto,t_opt,d_missing-image-01.jpg/https%3A//www.fsb.org.uk/sfsites/c/cms/delivery/media/MCAXBREZXDXBCZRE4T2SO4OTIZWM"
"Devon Virtual Networking","Wed, 03/09/2025, 10:00 AM","","https://events.fsb.org.uk/en/8d2bI2X7/g/fJqTd8nh8e/devon-virtual-networking-3aJ8P2Y89","Free","https://media.blackthorn.io/image/fetch/$w_1600,$h_800/f_auto,q_auto,t_opt,d_missing-image-01.jpg/https%3A//www.fsb.org.uk/sfsites/c/cms/delivery/media/MC62CE6D7ABFHUBIPYJQAP4YFWVQ"
"Cheshire virtual networking","Wed, 03/09/2025, 11:30 AM","","https://events.fsb.org.uk/en/8d2bI2X7/g/fJqTd8nh8e/cheshire-virtual-networking-3aJ8P2dqz","Free","https://media.blackthorn.io/image/fetch/$w_1600,$h_800/f_auto,q_auto,t_opt,d_missing-image-01.jpg/https%3A//www.fsb.org.uk/sfsites/c/cms/delivery/media/MCNTZ3WJEDENGU7EREZ5UC5LYH6E"
"FSB Networking at The Foundry, Poole","Wed, 03/09/2025, 4:00 PM","","https://events.fsb.org.uk/en/8d2bI2X7/g/fJqTd8nh8e/fsb-networking-at-the-foundry-poole-3aJ8P2Yg1","Free","https://media.blackthorn.io/image/fetch/$w_1600,$h_800/f_auto,q_auto,t_opt,d_missing-image-01.jpg/https%3A//www.fsb.org.uk/sfsites/c/cms/delivery/media/MCCUN52RCMQNAFJOZGKCCDVUJRK4"
"Birmingham and Solihull Virtual Connect","Thu, 04/09/2025, 9:30 AM","","https://events.fsb.org.uk/en/8d2bI2X7/g/fJqTd8nh8e/birmingham-and-solihull-virtual-connect-3aJ8P2clF","Free","https://media.blackthorn.io/image/fetch/$w_1600,$h_800/f_auto,q_auto,t_opt,d_missing-image-01.jpg/https%3A//www.fsb.org.uk/sfsites/c/cms/delivery/media/MCBDBRSTDMNRB75JYQ4MUKKNCAOQ"
"Wales Virtual Networking","Thu, 04/09/2025, 1:00 PM","","https://events.fsb.org.uk/en/8d2bI2X7/g/fJqTd8nh8e/wales-virtual-networking-3aJ8P2cy9","Free","https://media.blackthorn.io/image/fetch/$w_1600,$h_800/f_auto,q_auto,t_opt,d_missing-image-01.jpg/https%3A//www.fsb.org.uk/sfsites/c/cms/delivery/media/MC7NSLRMBHTRF7FOXEOCUPEIOCPY"
"St Andrews Networking with FSB and IoD","Thu, 04/09/2025, 5:30 PM","","https://events.fsb.org.uk/en/8d2bI2X7/g/fJqTd8nh8e/st-andrews-networking-with-fsb-and-iod-3aJ8P2cA9","Free","https://media.blackthorn.io/image/fetch/$w_1600,$h_800/f_auto,q_auto,t_opt,d_missing-image-01.jpg/https%3A//www.fsb.org.uk/sfsites/c/cms/delivery/media/MCGG7KAAZ7TVB3NOWWXGRHAOSODE"
"Derby In-Person Networking","Fri, 05/09/2025, 8:00 AM","","https://events.fsb.org.uk/en/8d2bI2X7/g/fJqTd8nh8e/derby-in-person-networking-3aJ8P2Z93","Free","https://media.blackthorn.io/image/fetch/$w_1600,$h_800/f_auto,q_auto,t_opt,d_missing-image-01.jpg/https%3A//www.fsb.org.uk/sfsites/c/cms/delivery/media/MCAITJK3LEIZEBPDDZM3DM3BXIL4"
"Northamptonshire Sales Masterclass: Find and Win new clients","Fri, 05/09/2025, 9:30 AM","","https://events.fsb.org.uk/en/8d2bI2X7/g/fJqTd8nh8e/northamptonshire-sales-masterclass-find-and-win-new-clients-3aJ8P2YPt","Free","https://media.blackthorn.io/image/fetch/$w_1600,$h_800/f_auto,q_auto,t_opt,d_missing-image-01.jpg/https%3A//www.fsb.org.uk/sfsites/c/cms/delivery/media/MC6BIFXX6E3VA33NW2INI5LBSJFQ"
"Small Business Networking - Basildon","Mon, 08/09/2025, 9:30 AM","","https://events.fsb.org.uk/en/8d2bI2X7/g/fJqTd8nh8e/small-business-networking-basildon-3aJ8P2dJ7","Free","https://media.blackthorn.io/image/fetch/$w_1600,$h_800/f_auto,q_auto,t_opt,d_missing-image-01.jpg/https%3A//www.fsb.org.uk/sfsites/c/cms/delivery/media/MCF3KZ4PPFZZH6DHPM6AWLXXFXNU"
"Building Your Own Personal AI Model","Tue, 09/09/2025, 8:30 AM","","https://events.fsb.org.uk/en/8d2bI2X7/g/fJqTd8nh8e/building-your-own-personal-ai-model-3aJ8P2e3t","Free","https://media.blackthorn.io/image/fetch/$w_1600,$h_800/f_auto,q_auto,t_opt,d_missing-image-01.jpg/https%3A//www.fsb.org.uk/sfsites/c/cms/delivery/media/MCZAZQY77TDBEADIU4BAU2RSM72M"
"Inner London South - Lambeth In-Person Networking","Tue, 09/09/2025, 9:30 AM","","https://events.fsb.org.uk/en/8d2bI2X7/g/fJqTd8nh8e/inner-london-south-lambeth-in-person-networking-3aJ8P2XTp","Free","https://media.blackthorn.io/image/fetch/$w_1600,$h_800/f_auto,q_auto,t_opt,d_missing-image-01.jpg/https%3A//www.fsb.org.uk/sfsites/c/cms/delivery/media/MCXASU2PRVFNFTJBU57DSV6SRJFY"
"West Yorkshire Virtual Networking","Tue, 09/09/2025, 10:00 AM","","https://events.fsb.org.uk/en/8d2bI2X7/g/fJqTd8nh8e/west-yorkshire-virtual-networking-3aJ8P2aOT","Free","https://media.blackthorn.io/image/fetch/$w_1600,$h_800/f_auto,q_auto,t_opt,d_missing-image-01.jpg/https%3A//www.fsb.org.uk/sfsites/c/cms/delivery/media/MCLQQNUN67CVDYNJE3NQK2QX2UN4"
"Liverpool City Region virtual networking","Tue, 09/09/2025, 11:30 AM","","https://events.fsb.org.uk/en/8d2bI2X7/g/fJqTd8nh8e/liverpool-city-region-virtual-networking-3aJ8P2duD","Free","https://media.blackthorn.io/image/fetch/$w_1600,$h_800/f_auto,q_auto,t_opt,d_missing-image-01.jpg/https%3A//www.fsb.org.uk/sfsites/c/cms/delivery/media/MCQVU7TPEC7NBLPN37ENWCL7VFIQ"
"Meet the Buyer North 2025","Wed, 10/09/2025, 10:00 AM","","https://events.fsb.org.uk/en/8d2bI2X7/g/fJqTd8nh8e/meet-the-buyer-north-2025-3aJ8P2dnl","Free","https://media.blackthorn.io/image/fetch/$w_1600,$h_800/f_auto,q_auto,t_opt,d_missing-image-01.jpg/https%3A//www.fsb.org.uk/sfsites/c/cms/delivery/media/MCADZGHDU4DZD7NLIURRUZW5N56U"
"Women in Business Bi-monthly National Networking","Wed, 10/09/2025, 10:00 AM","","https://events.fsb.org.uk/en/8d2bI2X7/g/fJqTd8nh8e/women-in-business-bi-monthly-national-networking-3aJ8P2aDB","Free","https://media.blackthorn.io/image/fetch/$w_1600,$h_800/f_auto,q_auto,t_opt,d_missing-image-01.jpg/https%3A//www.fsb.org.uk/sfsites/c/cms/delivery/media/MCFCI5KM2KQFAMXA6423DYIHJIRQ"
"Small Business Networking in Marlow","Wed, 10/09/2025, 10:00 AM","","https://events.fsb.org.uk/en/8d2bI2X7/g/fJqTd8nh8e/small-business-networking-in-marlow-3aJ8P2Ysv","Free","https://media.blackthorn.io/image/fetch/$w_1600,$h_800/f_auto,q_auto,t_opt,d_missing-image-01.jpg/https%3A//www.fsb.org.uk/sfsites/c/cms/delivery/media/MCREUVRO7O4NCCFPM5ZRYCHWWP7A"
"North East Virtual Networking","Mon, 15/09/2025, 11:00 AM","","https://events.fsb.org.uk/en/8d2bI2X7/g/fJqTd8nh8e/north-east-virtual-networking-3aJ8P2YXx","Free","https://media.blackthorn.io/image/fetch/$w_1600,$h_800/f_auto,q_auto,t_opt,d_missing-image-01.jpg/https%3A//www.fsb.org.uk/sfsites/c/cms/delivery/media/MCNQCVCY3WSZEAJIQBIIIRP75MAU"
"Network Alderley Edge","Mon, 15/09/2025, 5:00 PM","","https://events.fsb.org.uk/en/8d2bI2X7/g/fJqTd8nh8e/network-alderley-edge-3aJ8P2PXt","Free","https://media.blackthorn.io/image/fetch/$w_1600,$h_800/f_auto,q_auto,t_opt,d_missing-image-01.jpg/https%3A//www.fsb.org.uk/sfsites/c/cms/delivery/media/MC7MOH7HIRHVCGTJHFLXI4ORWWBA"
"North Wales Business Breakfast","Tue, 16/09/2025, 9:30 AM","","https://events.fsb.org.uk/en/8d2bI2X7/g/fJqTd8nh8e/north-wales-business-breakfast-3aJ8P2d6D","Free","https://media.blackthorn.io/image/fetch/$w_1600,$h_800/f_auto,q_auto,t_opt,d_missing-image-01.jpg/https%3A//www.fsb.org.uk/sfsites/c/cms/delivery/media/MCXASU2PRVFNFTJBU57DSV6SRJFY"
"West Yorkshire Virtual Networking","Tue, 16/09/2025, 10:00 AM","","https://events.fsb.org.uk/en/8d2bI2X7/g/fJqTd8nh8e/west-yorkshire-virtual-networking-3aJ8P2aQ5","Free","https://media.blackthorn.io/image/fetch/$w_1600,$h_800/f_auto,q_auto,t_opt,d_missing-image-01.jpg/https%3A//www.fsb.org.uk/sfsites/c/cms/delivery/media/MCUHXNEFP3DZAK3J5MEXLBHA4SLM"
"Network Altrincham","Tue, 16/09/2025, 5:00 PM","","https://events.fsb.org.uk/en/8d2bI2X7/g/fJqTd8nh8e/network-altrincham-3aJ8P2QnJ","Free","https://media.blackthorn.io/image/fetch/$w_1600,$h_800/f_auto,q_auto,t_opt,d_missing-image-01.jpg/https%3A//www.fsb.org.uk/sfsites/c/cms/delivery/media/MCLHLSHKNGJBBD3D7BPWP3G6JLUI"
"Thanet Networking","Tue, 16/09/2025, 5:30 PM","","https://events.fsb.org.uk/en/8d2bI2X7/g/fJqTd8nh8e/thanet-networking-3aJ8P2dHV","Free","https://media.blackthorn.io/image/fetch/$w_1600,$h_800/f_auto,q_auto,t_opt,d_missing-image-01.jpg/https%3A//www.fsb.org.uk/sfsites/c/cms/delivery/media/MCXASU2PRVFNFTJBU57DSV6SRJFY"
"Network Chester","Wed, 17/09/2025, 5:00 PM","","https://events.fsb.org.uk/en/8d2bI2X7/g/fJqTd8nh8e/network-chester-3aJ8P2ZPB","Free","https://media.blackthorn.io/image/fetch/$w_1600,$h_800/f_auto,q_auto,t_opt,d_missing-image-01.jpg/https%3A//www.fsb.org.uk/sfsites/c/cms/delivery/media/MC6BIFXX6E3VA33NW2INI5LBSJFQ"
"Force For Business: Virtual Networking for Military Entrepreneurs","Thu, 18/09/2025, 10:00 AM","","https://events.fsb.org.uk/en/8d2bI2X7/g/fJqTd8nh8e/force-for-business-virtual-networking-for-military-entrepreneurs-3aJ8P2agD","Free","https://media.blackthorn.io/image/fetch/$w_1600,$h_800/f_auto,q_auto,t_opt,d_missing-image-01.jpg/https%3A//www.fsb.org.uk/sfsites/c/cms/delivery/media/MC3E4D7QFOFZHTNFHWT5FKGZGGHM"
"East Yorkshire & Humber virtual networking","Thu, 18/09/2025, 11:00 AM","","https://events.fsb.org.uk/en/8d2bI2X7/g/fJqTd8nh8e/east-yorkshire-and-humber-virtual-networking-3aJ8P2ZYr","Free","https://media.blackthorn.io/image/fetch/$w_1600,$h_800/f_auto,q_auto,t_opt,d_missing-image-01.jpg/https%3A//www.fsb.org.uk/sfsites/c/cms/delivery/media/MCUGN4NWBB5BHMDDEX6PNYEMD2GI"
"Cornwall Conversations virtual networking","Thu, 18/09/2025, 2:30 PM","","https://events.fsb.org.uk/en/8d2bI2X7/g/fJqTd8nh8e/cornwall-conversations-virtual-networking-3aJ8P2YCz","Free","https://media.blackthorn.io/image/fetch/$w_1600,$h_800/f_auto,q_auto,t_opt,d_missing-image-01.jpg/https%3A//www.fsb.org.uk/sfsites/c/cms/delivery/media/MCQ3FAJ5KGDNBPPCVKH2AUWVJPTU"
"Balsall Business Club In-Person Networking Event","Fri, 19/09/2025, 7:15 AM","","https://events.fsb.org.uk/en/8d2bI2X7/g/fJqTd8nh8e/balsall-business-club-in-person-networking-event-3aJ8P2d4b","Free","https://media.blackthorn.io/image/fetch/$w_1600,$h_800/f_auto,q_auto,t_opt,d_missing-image-01.jpg/https%3A//www.fsb.org.uk/sfsites/c/cms/delivery/media/MCQVU7TPEC7NBLPN37ENWCL7VFIQ"
"Hospitality Sector Networking","Tue, 23/09/2025, 10:00 AM","","https://events.fsb.org.uk/en/8d2bI2X7/g/fJqTd8nh8e/hospitality-sector-networking-3aJ8P2bPN","Free","https://media.blackthorn.io/image/fetch/$w_1600,$h_800/f_auto,q_auto,t_opt,d_missing-image-01.jpg/https%3A//www.fsb.org.uk/sfsites/c/cms/delivery/media/MCPQATOEKSPVCTJCVXGXU7V54RNI"
"West Yorkshire Virtual Networking","Tue, 23/09/2025, 10:00 AM","","https://events.fsb.org.uk/en/8d2bI2X7/g/fJqTd8nh8e/west-yorkshire-virtual-networking-3aJ8P2aTJ","Free","https://media.blackthorn.io/image/fetch/$w_1600,$h_800/f_auto,q_auto,t_opt,d_missing-image-01.jpg/https%3A//www.fsb.org.uk/sfsites/c/cms/delivery/media/MCAIUIRX7KVNC2JCTTW3V5EDOH3Q"
"Lancashire & Cumbria virtual networking","Wed, 24/09/2025, 9:30 AM","","https://events.fsb.org.uk/en/8d2bI2X7/g/fJqTd8nh8e/lancashire-and-cumbria-virtual-networking-3aJ8P2eBx","Free","https://media.blackthorn.io/image/fetch/$w_1600,$h_800/f_auto,q_auto,t_opt,d_missing-image-01.jpg/https%3A//www.fsb.org.uk/sfsites/c/cms/delivery/media/MCBDBRSTDMNRB75JYQ4MUKKNCAOQ"
"Pure Networking","Wed, 24/09/2025, 11:00 AM","","https://events.fsb.org.uk/en/8d2bI2X7/g/fJqTd8nh8e/pure-networking-3aJ8P2eYX","Free","https://media.blackthorn.io/image/fetch/$w_1600,$h_800/f_auto,q_auto,t_opt,d_missing-image-01.jpg/https%3A//www.fsb.org.uk/sfsites/c/cms/delivery/media/MC75DISJYGQJEJ7MB6KM5R6CEO5M"
"East Midlands Connect","Wed, 24/09/2025, 5:30 PM","","https://events.fsb.org.uk/en/8d2bI2X7/g/fJqTd8nh8e/east-midlands-connect-3aJ8P2OOv","Free","https://media.blackthorn.io/image/fetch/$w_1600,$h_800/f_auto,q_auto,t_opt,d_missing-image-01.jpg/https%3A//www.fsb.org.uk/sfsites/c/cms/delivery/media/MCOETWWOSS5FHB5HBS6ERJQ6SL4M"
"East London Borders Virtual Networking","Thu, 25/09/2025, 9:30 AM","","https://events.fsb.org.uk/en/8d2bI2X7/g/fJqTd8nh8e/east-london-borders-virtual-networking-3aJ8P2dxR","Free","https://media.blackthorn.io/image/fetch/$w_1600,$h_800/f_auto,q_auto,t_opt,d_missing-image-01.jpg/https%3A//www.fsb.org.uk/sfsites/c/cms/delivery/media/MCNS55CH6EEBHMDBUFOGEIZZNYTU"
"West Yorkshire Virtual Networking","Tue, 30/09/2025, 10:00 AM","","https://events.fsb.org.uk/en/8d2bI2X7/g/fJqTd8nh8e/west-yorkshire-virtual-networking-3aJ8P2aUv","Free","https://media.blackthorn.io/image/fetch/$w_1600,$h_800/f_auto,q_auto,t_opt,d_missing-image-01.jpg/https%3A//www.fsb.org.uk/sfsites/c/cms/delivery/media/MCWJXV6YE6R5DFJOJREV3T3TCCJA"
"South West Women in Business Virtual Networking","Tue, 30/09/2025, 10:30 AM","","https://events.fsb.org.uk/en/8d2bI2X7/g/fJqTd8nh8e/south-west-women-in-business-virtual-networking-3aJ8P2YZZ","Free","https://media.blackthorn.io/image/fetch/$w_1600,$h_800/f_auto,q_auto,t_opt,d_missing-image-01.jpg/https%3A//www.fsb.org.uk/sfsites/c/cms/delivery/media/MCNTZ3WJEDENGU7EREZ5UC5LYH6E"
"Disabled Entrepreneurs Networking","Tue, 30/09/2025, 11:00 AM","","https://events.fsb.org.uk/en/8d2bI2X7/g/fJqTd8nh8e/disabled-entrepreneurs-networking-3aJ8P2dML","Free","https://media.blackthorn.io/image/fetch/$w_1600,$h_800/f_auto,q_auto,t_opt,d_missing-image-01.jpg/https%3A//www.fsb.org.uk/sfsites/c/cms/delivery/media/MCFCI5KM2KQFAMXA6423DYIHJIRQ"
"Devon Virtual Networking","Wed, 01/10/2025, 10:00 AM","","https://events.fsb.org.uk/en/8d2bI2X7/g/fJqTd8nh8e/devon-virtual-networking-3aJ8P2Y9l","Free","https://media.blackthorn.io/image/fetch/$w_1600,$h_800/f_auto,q_auto,t_opt,d_missing-image-01.jpg/https%3A//www.fsb.org.uk/sfsites/c/cms/delivery/media/MCAIUIRX7KVNC2JCTTW3V5EDOH3Q"
"What finance can I access, and how do I get ready for it?","Wed, 01/10/2025, 10:30 AM","","https://events.fsb.org.uk/en/8d2bI2X7/g/fJqTd8nh8e/what-finance-can-i-access-and-how-do-i-get-ready-for-it-3aJ8P2cOf","Free","https://media.blackthorn.io/image/fetch/$w_1600,$h_800/f_auto,q_auto,t_opt,d_missing-image-01.jpg/https%3A//www.fsb.org.uk/sfsites/c/cms/delivery/media/MCHQME7GN7RZASHNF5EVNL3PZR2A"
"Cheshire virtual networking","Wed, 01/10/2025, 11:30 AM","","https://events.fsb.org.uk/en/8d2bI2X7/g/fJqTd8nh8e/cheshire-virtual-networking-3aJ8P2eS5","Free","https://media.blackthorn.io/image/fetch/$w_1600,$h_800/f_auto,q_auto,t_opt,d_missing-image-01.jpg/https%3A//www.fsb.org.uk/sfsites/c/cms/delivery/media/MCW4IA4CXSANC43KMXBXSKT5DSK4"
"West Yorkshire Virtual Networking","Tue, 07/10/2025, 10:00 AM","","https://events.fsb.org.uk/en/8d2bI2X7/g/fJqTd8nh8e/west-yorkshire-virtual-networking-3aJ8P2aZl","Free","https://media.blackthorn.io/image/fetch/$w_1600,$h_800/f_auto,q_auto,t_opt,d_missing-image-01.jpg/https%3A//www.fsb.org.uk/sfsites/c/cms/delivery/media/MC75R2ZZAU5JAEJEJ64QPB5G36OE"
"Greater London Women in Business and Enterprise","Mon, 13/10/2025, 4:15 PM","","https://events.fsb.org.uk/en/8d2bI2X7/g/fJqTd8nh8e/greater-london-women-in-business-and-enterprise-3aJ8P2dz3","Free","https://media.blackthorn.io/image/fetch/$w_1600,$h_800/f_auto,q_auto,t_opt,d_missing-image-01.jpg/https%3A//www.fsb.org.uk/sfsites/c/cms/delivery/media/MCBOWIXOLJ55C4ZM5MIHJVWD5LJI"
"West Yorkshire Virtual Networking","Tue, 14/10/2025, 10:00 AM","","https://events.fsb.org.uk/en/8d2bI2X7/g/fJqTd8nh8e/west-yorkshire-virtual-networking-3aJ8P2abN","Free","https://media.blackthorn.io/image/fetch/$w_1600,$h_800/f_auto,q_auto,t_opt,d_missing-image-01.jpg/https%3A//www.fsb.org.uk/sfsites/c/cms/delivery/media/MCY2NR3KRBJFFQHHPPK7VUNSMEFA"
"Liverpool City Region virtual networking","Tue, 14/10/2025, 11:30 AM","","https://events.fsb.org.uk/en/8d2bI2X7/g/fJqTd8nh8e/liverpool-city-region-virtual-networking-3aJ8P2eK1","Free","https://media.blackthorn.io/image/fetch/$w_1600,$h_800/f_auto,q_auto,t_opt,d_missing-image-01.jpg/https%3A//www.fsb.org.uk/sfsites/c/cms/delivery/media/MCXBDU3DPF4BFP5ODN4E2K2RXJZA"
"Network Altrincham","Tue, 14/10/2025, 5:00 PM","","https://events.fsb.org.uk/en/8d2bI2X7/g/fJqTd8nh8e/network-altrincham-3aJ8P2Qov","Free","https://media.blackthorn.io/image/fetch/$w_1600,$h_800/f_auto,q_auto,t_opt,d_missing-image-01.jpg/https%3A//www.fsb.org.uk/sfsites/c/cms/delivery/media/MC3CWZHBNBHJAJFGI454PTFXFZNQ"
"South Yorkshire virtual networking","Thu, 16/10/2025, 11:00 AM","","https://events.fsb.org.uk/en/8d2bI2X7/g/fJqTd8nh8e/south-yorkshire-virtual-networking-3aJ8P2Zc5","Free","https://media.blackthorn.io/image/fetch/$w_1600,$h_800/f_auto,q_auto,t_opt,d_missing-image-01.jpg/https%3A//www.fsb.org.uk/sfsites/c/cms/delivery/media/MCPQATOEKSPVCTJCVXGXU7V54RNI"
"Cornwall Conversations Virtual Networking","Thu, 16/10/2025, 2:30 PM","","https://events.fsb.org.uk/en/8d2bI2X7/g/fJqTd8nh8e/cornwall-conversations-virtual-networking-3aJ8P2YEb","Free","https://media.blackthorn.io/image/fetch/$w_1600,$h_800/f_auto,q_auto,t_opt,d_missing-image-01.jpg/https%3A//www.fsb.org.uk/sfsites/c/cms/delivery/media/MCTUONVWPFPNDQFA6FC4FRWFO7KE"
"North East Virtual Networking","Mon, 20/10/2025, 11:00 AM","","https://events.fsb.org.uk/en/8d2bI2X7/g/fJqTd8nh8e/north-east-virtual-networking-3aJ8P2bij","Free","https://media.blackthorn.io/image/fetch/$w_1600,$h_800/f_auto,q_auto,t_opt,d_missing-image-01.jpg/https%3A//www.fsb.org.uk/sfsites/c/cms/delivery/media/MCVGCGI2PHHREWLBHHEGIKJA7VKI"
"West Yorkshire Virtual Networking","Tue, 21/10/2025, 10:00 AM","","https://events.fsb.org.uk/en/8d2bI2X7/g/fJqTd8nh8e/west-yorkshire-virtual-networking-3aJ8P2acz","Free","https://media.blackthorn.io/image/fetch/$w_1600,$h_800/f_auto,q_auto,t_opt,d_missing-image-01.jpg/https%3A//www.fsb.org.uk/sfsites/c/cms/delivery/media/MCGKJPKDHTU5C2PC5UZVMTPSSPNM"
"Lancashire & Cumbria virtual networking","Wed, 22/10/2025, 9:30 AM","","https://events.fsb.org.uk/en/8d2bI2X7/g/fJqTd8nh8e/lancashire-and-cumbria-virtual-networking-3aJ8P2eDZ","Free","https://media.blackthorn.io/image/fetch/$w_1600,$h_800/f_auto,q_auto,t_opt,d_missing-image-01.jpg/https%3A//www.fsb.org.uk/sfsites/c/cms/delivery/media/MCNTZ3WJEDENGU7EREZ5UC5LYH6E"
"Pure Networking","Wed, 22/10/2025, 11:00 AM","","https://events.fsb.org.uk/en/8d2bI2X7/g/fJqTd8nh8e/pure-networking-3aJ8P2ea9","Free","https://media.blackthorn.io/image/fetch/$w_1600,$h_800/f_auto,q_auto,t_opt,d_missing-image-01.jpg/https%3A//www.fsb.org.uk/sfsites/c/cms/delivery/media/MCCUN52RCMQNAFJOZGKCCDVUJRK4"
"West Yorkshire Virtual Networking","Tue, 28/10/2025, 10:00 AM","","https://events.fsb.org.uk/en/8d2bI2X7/g/fJqTd8nh8e/west-yorkshire-virtual-networking-3aJ8P2aeb","Free","https://media.blackthorn.io/image/fetch/$w_1600,$h_800/f_auto,q_auto,t_opt,d_missing-image-01.jpg/https%3A//www.fsb.org.uk/sfsites/c/cms/delivery/media/MCZG2D7RI7JFH6VLJFQ3EUXZ2ZAQ"
"South West Women in Business Virtual Networking","Tue, 28/10/2025, 10:30 AM","","https://events.fsb.org.uk/en/8d2bI2X7/g/fJqTd8nh8e/south-west-women-in-business-virtual-networking-3aJ8P2Yw9","Free","https://media.blackthorn.io/image/fetch/$w_1600,$h_800/f_auto,q_auto,t_opt,d_missing-image-01.jpg/https%3A//www.fsb.org.uk/sfsites/c/cms/delivery/media/MCSOUUAOIGQBHMLN5HYEZPGC4XRI"
"West Yorkshire Virtual Networking","Tue, 04/11/2025, 10:00 AM","","https://events.fsb.org.uk/en/8d2bI2X7/g/fJqTd8nh8e/west-yorkshire-virtual-networking-3aJ8P2amf","Free","https://media.blackthorn.io/image/fetch/$w_1600,$h_800/f_auto,q_auto,t_opt,d_missing-image-01.jpg/https%3A//www.fsb.org.uk/sfsites/c/cms/delivery/media/MCNS55CH6EEBHMDBUFOGEIZZNYTU"
"Cheshire virtual networking","Wed, 05/11/2025, 11:30 AM","","https://events.fsb.org.uk/en/8d2bI2X7/g/fJqTd8nh8e/cheshire-virtual-networking-3aJ8P2eTh","Free","https://media.blackthorn.io/image/fetch/$w_1600,$h_800/f_auto,q_auto,t_opt,d_missing-image-01.jpg/https%3A//www.fsb.org.uk/sfsites/c/cms/delivery/media/MCNC5BNKWPDFDVLKKZ74EIOWREK4"
"Inner London South - Lambeth In-Person Networking","Tue, 11/11/2025, 9:30 AM","","https://events.fsb.org.uk/en/8d2bI2X7/g/fJqTd8nh8e/inner-london-south-lambeth-in-person-networking-3aJ8P2XVR","Free","https://media.blackthorn.io/image/fetch/$w_1600,$h_800/f_auto,q_auto,t_opt,d_missing-image-01.jpg/https%3A//www.fsb.org.uk/sfsites/c/cms/delivery/media/MCXASU2PRVFNFTJBU57DSV6SRJFY"
"West Yorkshire Virtual Networking","Tue, 11/11/2025, 10:00 AM","","https://events.fsb.org.uk/en/8d2bI2X7/g/fJqTd8nh8e/west-yorkshire-virtual-networking-3aJ8P2apt","Free","https://media.blackthorn.io/image/fetch/$w_1600,$h_800/f_auto,q_auto,t_opt,d_missing-image-01.jpg/https%3A//www.fsb.org.uk/sfsites/c/cms/delivery/media/MCCWLSVCD2ANFU5DSLFR4TSUPLNY"
"Liverpool City Region virtual networking","Tue, 11/11/2025, 11:30 AM","","https://events.fsb.org.uk/en/8d2bI2X7/g/fJqTd8nh8e/liverpool-city-region-virtual-networking-3aJ8P2eVJ","Free","https://media.blackthorn.io/image/fetch/$w_1600,$h_800/f_auto,q_auto,t_opt,d_missing-image-01.jpg/https%3A//www.fsb.org.uk/sfsites/c/cms/delivery/media/MCOUMAWYHNIZFLVLDJUX2HLMFVJE"
"North East Virtual Networking","Mon, 17/11/2025, 11:00 AM","","https://events.fsb.org.uk/en/8d2bI2X7/g/fJqTd8nh8e/north-east-virtual-networking-3aJ8P2bkL","Free","https://media.blackthorn.io/image/fetch/$w_1600,$h_800/f_auto,q_auto,t_opt,d_missing-image-01.jpg/https%3A//www.fsb.org.uk/sfsites/c/cms/delivery/media/MCLBWZHSIQJNBKJBZUSMFWRQ4Y7I"
"Network Alderley Edge","Mon, 17/11/2025, 5:00 PM","","https://events.fsb.org.uk/en/8d2bI2X7/g/fJqTd8nh8e/network-alderley-edge-3aJ8P2PZV","Free","https://media.blackthorn.io/image/fetch/$w_1600,$h_800/f_auto,q_auto,t_opt,d_missing-image-01.jpg/https%3A//www.fsb.org.uk/sfsites/c/cms/delivery/media/MC3RXXT2NY3JEBZI5T6AAY6U2RTM"
"West Yorkshire Virtual Networking","Tue, 18/11/2025, 10:00 AM","","https://events.fsb.org.uk/en/8d2bI2X7/g/fJqTd8nh8e/west-yorkshire-virtual-networking-3aJ8P2azZ","Free","https://media.blackthorn.io/image/fetch/$w_1600,$h_800/f_auto,q_auto,t_opt,d_missing-image-01.jpg/https%3A//www.fsb.org.uk/sfsites/c/cms/delivery/media/MCTHMRGK4RVBEIJF2DM3CJ7PEPPU"
"Network Altrincham","Tue, 18/11/2025, 5:00 PM","","https://events.fsb.org.uk/en/8d2bI2X7/g/fJqTd8nh8e/network-altrincham-3aJ8P2QqX","Free","https://media.blackthorn.io/image/fetch/$w_1600,$h_800/f_auto,q_auto,t_opt,d_missing-image-01.jpg/https%3A//www.fsb.org.uk/sfsites/c/cms/delivery/media/MCVGCGI2PHHREWLBHHEGIKJA7VKI"
"Network Chester","Wed, 19/11/2025, 5:00 PM","","https://events.fsb.org.uk/en/8d2bI2X7/g/fJqTd8nh8e/network-chester-3aJ8P2ZU1","Free","https://media.blackthorn.io/image/fetch/$w_1600,$h_800/f_auto,q_auto,t_opt,d_missing-image-01.jpg/https%3A//www.fsb.org.uk/sfsites/c/cms/delivery/media/MC6BIFXX6E3VA33NW2INI5LBSJFQ"
"East Yorkshire & Humber virtual networking","Thu, 20/11/2025, 11:00 AM","","https://events.fsb.org.uk/en/8d2bI2X7/g/fJqTd8nh8e/east-yorkshire-and-humber-virtual-networking-3aJ8P2ZaT","Free","https://media.blackthorn.io/image/fetch/$w_1600,$h_800/f_auto,q_auto,t_opt,d_missing-image-01.jpg/https%3A//www.fsb.org.uk/sfsites/c/cms/delivery/media/MCLHLSHKNGJBBD3D7BPWP3G6JLUI"
"West Yorkshire Virtual Networking","Tue, 25/11/2025, 10:00 AM","","https://events.fsb.org.uk/en/8d2bI2X7/g/fJqTd8nh8e/west-yorkshire-virtual-networking-3aJ8P2b1B","Free","https://media.blackthorn.io/image/fetch/$w_1600,$h_800/f_auto,q_auto,t_opt,d_missing-image-01.jpg/https%3A//www.fsb.org.uk/sfsites/c/cms/delivery/media/MCBUTEUQFYYJFCRDQ2MZ4MSGL3LM"
"Lancashire & Cumbria virtual networking","Wed, 26/11/2025, 9:30 AM","","https://events.fsb.org.uk/en/8d2bI2X7/g/fJqTd8nh8e/lancashire-and-cumbria-virtual-networking-3aJ8P2eFB","Free","https://media.blackthorn.io/image/fetch/$w_1600,$h_800/f_auto,q_auto,t_opt,d_missing-image-01.jpg/https%3A//www.fsb.org.uk/sfsites/c/cms/delivery/media/MCNS55CH6EEBHMDBUFOGEIZZNYTU"
"Pure Networking","Wed, 26/11/2025, 11:00 AM","","https://events.fsb.org.uk/en/8d2bI2X7/g/fJqTd8nh8e/pure-networking-3aJ8P2ebl","Free","https://media.blackthorn.io/image/fetch/$w_1600,$h_800/f_auto,q_auto,t_opt,d_missing-image-01.jpg/https%3A//www.fsb.org.uk/sfsites/c/cms/delivery/media/MCQZKJB4YSRVD4JCPXEOX56Z2CGY"
"Barnsley Knowledge Swap and Business Networking","Thu, 27/11/2025, 2:00 PM","","https://events.fsb.org.uk/en/8d2bI2X7/g/fJqTd8nh8e/barnsley-knowledge-swap-and-business-networking-3aJ8P2XdV","Free","https://media.blackthorn.io/image/fetch/$w_1600,$h_800/f_auto,q_auto,t_opt,d_missing-image-01.jpg/https%3A//www.fsb.org.uk/sfsites/c/cms/delivery/media/MCW64JDLP2Z5BDRJ4QK6R73CMHCY"
"West Yorkshire Virtual Networking","Tue, 02/12/2025, 10:00 AM","","https://events.fsb.org.uk/en/8d2bI2X7/g/fJqTd8nh8e/west-yorkshire-virtual-networking-3aJ8P2b2n","Free","https://media.blackthorn.io/image/fetch/$w_1600,$h_800/f_auto,q_auto,t_opt,d_missing-image-01.jpg/https%3A//www.fsb.org.uk/sfsites/c/cms/delivery/media/MCIKRDJO242VBZXJMW4QCAQTHEUY"
"West Yorkshire Virtual Networking","Tue, 09/12/2025, 10:00 AM","","https://events.fsb.org.uk/en/8d2bI2X7/g/fJqTd8nh8e/west-yorkshire-virtual-networking-3aJ8P2bfV","Free","https://media.blackthorn.io/image/fetch/$w_1600,$h_800/f_auto,q_auto,t_opt,d_missing-image-01.jpg/https%3A//www.fsb.org.uk/sfsites/c/cms/delivery/media/MC7LOJEE4XNRBENKYPVDS3V5XWWM"
"North East Virtual Networking","Mon, 15/12/2025, 11:00 AM","","https://events.fsb.org.uk/en/8d2bI2X7/g/fJqTd8nh8e/north-east-virtual-networking-3aJ8P2blx","Free","https://media.blackthorn.io/image/fetch/$w_1600,$h_800/f_auto,q_auto,t_opt,d_missing-image-01.jpg/https%3A//www.fsb.org.uk/sfsites/c/cms/delivery/media/MCJSXB7FIDLNAWRDFJYUOL5HOMYQ"
"West Yorkshire Virtual Networking","Tue, 16/12/2025, 10:00 AM","","https://events.fsb.org.uk/en/8d2bI2X7/g/fJqTd8nh8e/west-yorkshire-virtual-networking-3aJ8P2bh7","Free","https://media.blackthorn.io/image/fetch/$w_1600,$h_800/f_auto,q_auto,t_opt,d_missing-image-01.jpg/https%3A//www.fsb.org.uk/sfsites/c/cms/delivery/media/MC7ETROCF3ZVGQZBALGSADENSRWY"
